Workbook

Sheet Отзывы
A1: № | B1: Отзыв | C1: Тон | D1: Темы
A2: 1 | B2: Много лишней ткани на спине, образуется горб и складки при движении, сильно шуршит при малейшем движении, строчки ровные, нитки не торчат, цвет красивый, но носить не буду уродует фигуру, в районе талии очень много лишней ткани, спереди как беременная, при том, что у меня плоский живот абсолютно и ношу я размер s, а сзади горб. Разочарование. | C2: отрицательный | D2: Размер и посадка, Качество ткани и пошива, Цвет
A3: 2 | B3: Платье пришлось перешивать в боках, так как оно сшито на женщин с ооооочень большой пятой точкой. | C3: отрицательный | D3: Размер и посадка
A4: 3 | B4: Качество хуже,чем я покупала два года подряд,размер не соответствует,у меня российский 42-44,а заказала l на всякий случай,подошёл,но через несколько дней молния разошлась. | C4: отрицательный | D4: Размер и посадка, Качество ткани и пошива
A5: 4 | B5: Заказ полностью соответствует фото, хорошо подошло по размеру )" | C5: положительный | D5: Размер и посадка, Соответствие фото и описанию
A6: 5 | B6: Кофта симпатичная, мягкая. Тоненькая синтетика. На 50/52 XXL села хорошо. Но носить нужно очень аккуратно, во избежание появления катышков. Качество так себе. | C6: нейтральный | D6: Размер и посадка, Качество ткани и пошива
A7: 6 | B7: к сожалению почта напутала и посылку я не получила. но деньги вернули без проблем, поэтому 5 звёзд. | C7: нейтральный | D7: Доставка и упаковка
A8: 7 | B8: Заказала размер 8хл на обхваты 120-96-125см, великоват, но не сильно, можно было бы взять 7хл. Чуть ниже колено. Платье симпатичное, сшито ровно, сидит по фигуре. Доставка быстрая в Питер за 2 недели | C8: положительный | D8: Размер и посадка, Качество ткани и пошива, Доставка и упаковка
A9: 8 | B9: Пуховик очень красивый. Немного с блеском. Мех натуральный и очень пушистый, на фото будет видно. Сейчас в нем очень тепло, далее жарко. Осталось проверить, когда наступят более серьезные холода. Пока всё очень хорошо, рекомендуется к покупке. | C9: положительный | D9: Качество ткани и пошива
A10: 9 | B10: за возврат средств 5 звезд, товар не получила | C10: нейтральный | D10: Доставка и упаковка
A11: 10 | B11: продавец присылает сообщения чтобы поставили хороший отзыв тогда он вернет 2$. По качеству синтетика, мне не понравилось, пришла с браком благодарен вмешательству али вернули деньги, продавец какашка. | C11: отрицательный | D11: Качество ткани и пошива, Другое
A12: 11 | B12: юбку заказала 11.11.2017 заказ пришёл только 10.01.2018, размер S оказался маленьким | C12: отрицательный | D12: Размер и посадка, Доставка и упаковка
A13: 12 | B13: не покупайте у этого продовца ничего! к своей работе относится безответственно! заказала черную рубашку, одной пуговицы нет, везде торчат нитки, другие пугавицы пришиты белыми нитками! ОТКРЫЛА СПОР, ВОТ УЖЕ 3-4 ДНЯ ВОЮЮ С ПРОДОВЦОМ, ЧТОБ ВЕРНУЛИ ДЕНЬГИ!! ОЧЕНЬ ПЛОХО!! НЕ СОВЕТУЮ!! | C13: отрицательный | D13: Качество ткани и пошива, Другое
... A301: 300 | B301: качество ну очень хорошее.блуза двухсторонняя,можно носить и вывернутой. | C301: положительный | D301: Качество ткани и пошива

Sheet Сводка
A1: Тема | B1: Упоминаний | C1: Из них отрицательных | D1: Доля негатива
A2: Размер и посадка | B2: =COUNTIF(Отзывы!D2:D301,"*Размер и посадка*") -> 157 | C2: =COUNTIFS(Отзывы!D2:D301,"*Размер и посадка*",Отзывы!C2:C301,"отрицательный") -> 67 | D2: =IF(B2=0,0,C2/B2) -> 0.42675159
A3: Качество ткани и пошива | B3: =COUNTIF(Отзывы!D2:D301,"*Качество ткани и пошива*") -> 187 | C3: =COUNTIFS(Отзывы!D2:D301,"*Качество ткани и пошива*",Отзывы!C2:C301,"отрицательный") -> 92 | D3: =IF(B3=0,0,C3/B3) -> 0.49197861
A4: Соответствие фото и описанию | B4: =COUNTIF(Отзывы!D2:D301,"*Соответствие фото и описанию*") -> 42 | C4: =COUNTIFS(Отзывы!D2:D301,"*Соответствие фото и описанию*",Отзывы!C2:C301,"отрицательный") -> 30 | D4: =IF(B4=0,0,C4/B4) -> 0.71428571
A5: Цвет | B5: =COUNTIF(Отзывы!D2:D301,"*Цвет*") -> 26 | C5: =COUNTIFS(Отзывы!D2:D301,"*Цвет*",Отзывы!C2:C301,"отрицательный") -> 14 | D5: =IF(B5=0,0,C5/B5) -> 0.53846154
A6: Доставка и упаковка | B6: =COUNTIF(Отзывы!D2:D301,"*Доставка и упаковка*") -> 133 | C6: =COUNTIFS(Отзывы!D2:D301,"*Доставка и упаковка*",Отзывы!C2:C301,"отрицательный") -> 58 | D6: =IF(B6=0,0,C6/B6) -> 0.43609023
A7: Цена | B7: =COUNTIF(Отзывы!D2:D301,"*Цена*") -> 23 | C7: =COUNTIFS(Отзывы!D2:D301,"*Цена*",Отзывы!C2:C301,"отрицательный") -> 14 | D7: =IF(B7=0,0,C7/B7) -> 0.60869565
A8: Другое | B8: =COUNTIF(Отзывы!D2:D301,"*Другое*") -> 42 | C8: =COUNTIFS(Отзывы!D2:D301,"*Другое*",Отзывы!C2:C301,"отрицательный") -> 34 | D8: =IF(B8=0,0,C8/B8) -> 0.80952381
A10: Отзывов: положительный | B10: =COUNTIF(Отзывы!C2:C301,"положительный") -> 98
A11: Отзывов: нейтральный | B11: =COUNTIF(Отзывы!C2:C301,"нейтральный") -> 40
A12: Отзывов: отрицательный | B12: =COUNTIF(Отзывы!C2:C301,"отрицательный") -> 162
A13: Всего отзывов | B13: =SUM(B10:B12) -> 300

Sheet Главные жалобы
A1: Тема | B1: Негативных отзывов | C1: Примеры
A2: Качество ткани и пошива | B2: 92 | C2: «Качество хуже,чем я покупала два года подряд,размер не соответствует,у меня российский 42-44,а заказала l на всякий случай,подошёл,но через несколько дней мо...» «продавец присылает сообщения чтобы поставили хороший отзыв тогда он вернет 2$. По качеству синтетика, мне не понравилось, пришла с браком благодарен вмешател...»
A3: Размер и посадка | B3: 67 | C3: «Много лишней ткани на спине, образуется горб и складки при движении, сильно шуршит при малейшем движении, строчки ровные, нитки не торчат, цвет красивый, но ...» «Платье пришлось перешивать в боках, так как оно сшито на женщин с ооооочень большой пятой точкой.»
A4: Доставка и упаковка | B4: 58 | C4: «юбку заказала 11.11.2017 заказ пришёл только 10.01.2018, размер S оказался маленьким» «Заказ не получила. Деньги не вернули. Отвратительно!»
